{"__meta":{"schema_version":3,"schema_name":"DRFModelV3","schema_type":"DRFModel"},"model_id":{"__meta":{"schema_version":3,"schema_name":"ModelKeyV3","schema_type":"Key<Model>"},"name":"rdf","type":"Key<Model>","URL":"/3/Models/rdf"},"algo":"drf","algo_full_name":"Distributed Random Forest","response_column_name":"C1","data_frame":{"__meta":{"schema_version":3,"schema_name":"FrameKeyV3","schema_type":"Key<Frame>"},"name":"py_115_sid_a16a","type":"Key<Frame>","URL":"/3/Frames/py_115_sid_a16a"},"timestamp":0,"have_pojo":true,"have_mojo":true,"algo":"drf","algo_full_name":"Distributed Random Forest","model_id":{"__meta":{"schema_version":3,"schema_name":"ModelKeyV3","schema_type":"Key<Model>"},"name":"rdf","type":"Key<Model>","URL":"/3/Models/rdf"},"parameters":[{"__meta":{"schema_version":3,"schema_name":"ModelParameterSchemaV3","schema_type":"Iced"},"name":"model_id","label":"model_id","help":"Destination id for this model; auto-generated if not specified.","required":false,"type":"Key<Model>","default_value":null,"actual_value":{"__meta":{"schema_version":3,"schema_name":"ModelKeyV3","schema_type":"Key<Model>"},"name":"rdf","type":"Key<Model>","URL":"/3/Models/rdf"},"level":"critical","values":[],"is_member_of_frames":[],"is_mutually_exclusive_with":[],"gridable":false},{"__meta":{"schema_version":3,"schema_name":"ModelParameterSchemaV3","schema_type":"Iced"},"name":"training_frame","label":"training_frame","help":"Id of the training data frame.","required":false,"type":"Key<Frame>","default_value":null,"actual_value":null,"level":"critical","values":[],"is_member_of_frames":[],"is_mutually_exclusive_with":[],"gridable":false},{"__meta":{"schema_version":3,"schema_name":"ModelParameterSchemaV3","schema_type":"Iced"},"name":"validation_frame","label":"validation_frame","help":"Id of the validation data frame.","required":false,"type":"Key<Frame>","default_value":null,"actual_value":null,"level":"critical","values":[],"is_member_of_frames":[],"is_mutually_exclusive_with":[],"gridable":true},{"__meta":{"schema_version":3,"schema_name":"ModelParameterSchemaV3","schema_type":"Iced"},"name":"nfolds","label":"nfolds","help":"Number of folds for K-fold cross-validation (0 to disable or >= 2).","required":false,"type":"int","default_value":0,"actual_value":0,"level":"critical","values":[],"is_member_of_frames":[],"is_mutually_exclusive_with":[],"gridable":false},{"__meta":{"schema_version":3,"schema_name":"ModelParameterSchemaV3","schema_type":"Iced"},"name":"keep_cross_validation_predictions","label":"keep_cross_validation_predictions","help":"Whether to keep the predictions of the cross-validation models.","required":false,"type":"boolean","default_value":false,"actual_value":false,"level":"expert","values":[],"is_member_of_frames":[],"is_mutually_exclusive_with":[],"gridable":false},{"__meta":{"schema_version":3,"schema_name":"ModelParameterSchemaV3","schema_type":"Iced"},"name":"keep_cross_validation_fold_assignment","label":"keep_cross_validation_fold_assignment","help":"Whether to keep the cross-validation fold assignment.","required":false,"type":"boolean","default_value":false,"actual_value":false,"level":"expert","values":[],"is_member_of_frames":[],"is_mutually_exclusive_with":[],"gridable":false},{"__meta":{"schema_version":3,"schema_name":"ModelParameterSchemaV3","schema_type":"Iced"},"name":"score_each_iteration","label":"score_each_iteration","help":"Whether to score during each iteration of model training.","required":false,"type":"boolean","default_value":false,"actual_value":true,"level":"secondary","values":[],"is_member_of_frames":[],"is_mutually_exclusive_with":[],"gridable":false},{"__meta":{"schema_version":3,"schema_name":"ModelParameterSchemaV3","schema_type":"Iced"},"name":"score_tree_interval","label":"score_tree_interval","help":"Score the model after every so many trees. Disabled if set to 0.","required":false,"type":"int","default_value":0,"actual_value":0,"level":"secondary","values":[],"is_member_of_frames":[],"is_mutually_exclusive_with":[],"gridable":false},{"__meta":{"schema_version":3,"schema_name":"ModelParameterSchemaV3","schema_type":"Iced"},"name":"fold_assignment","label":"fold_assignment","help":"Cross-validation fold assignment scheme, if fold_column is not specified. The 'Stratified' option will stratify the folds based on the response variable, for classification problems.","required":false,"type":"enum","default_value":"AUTO","actual_value":"AUTO","level":"secondary","values":["AUTO","Random","Modulo","Stratified"],"is_member_of_frames":[],"is_mutually_exclusive_with":[],"gridable":true},{"__meta":{"schema_version":3,"schema_name":"ModelParameterSchemaV3","schema_type":"Iced"},"name":"fold_column","label":"fold_column","help":"Column with cross-validation fold index assignment per observation.","required":false,"type":"VecSpecifier","default_value":null,"actual_value":null,"level":"secondary","values":[],"is_member_of_frames":["training_frame"],"is_mutually_exclusive_with":["response_column","weights_column","ignored_columns","offset_column"],"gridable":true},{"__meta":{"schema_version":3,"schema_name":"ModelParameterSchemaV3","schema_type":"Iced"},"name":"response_column","label":"response_column","help":"Response variable column.","required":false,"type":"VecSpecifier","default_value":null,"actual_value":{"__meta":{"schema_version":3,"schema_name":"ColSpecifierV3","schema_type":"VecSpecifier"},"column_name":"C1","is_member_of_frames":null},"level":"critical","values":[],"is_member_of_frames":["training_frame","validation_frame"],"is_mutually_exclusive_with":["weights_column","ignored_columns","offset_column","fold_column"],"gridable":true},{"__meta":{"schema_version":3,"schema_name":"ModelParameterSchemaV3","schema_type":"Iced"},"name":"ignored_columns","label":"ignored_columns","help":"Names of columns to ignore for training.","required":false,"type":"string[]","default_value":null,"actual_value":null,"level":"critical","values":[],"is_member_of_frames":["training_frame","validation_frame"],"is_mutually_exclusive_with":["response_column","weights_column","offset_column","fold_column"],"gridable":false},{"__meta":{"schema_version":3,"schema_name":"ModelParameterSchemaV3","schema_type":"Iced"},"name":"ignore_const_cols","label":"ignore_const_cols","help":"Ignore constant columns.","required":false,"type":"boolean","default_value":true,"actual_value":true,"level":"critical","values":[],"is_member_of_frames":[],"is_mutually_exclusive_with":[],"gridable":false},{"__meta":{"schema_version":3,"schema_name":"ModelParameterSchemaV3","schema_type":"Iced"},"name":"weights_column","label":"weights_column","help":"Column with observation weights. Giving some observation a weight of zero is equivalent to excluding it from the dataset; giving an observation a relative weight of 2 is equivalent to repeating that row twice. Negative weights are not allowed. Note: Weights are per-row observation weights and do not increase the size of the data frame. This is typically the number of times a row is repeated, but non-integer values are supported as well. During training, rows with higher weights matter more, due to the larger loss function pre-factor.","required":false,"type":"VecSpecifier","default_value":null,"actual_value":null,"level":"secondary","values":[],"is_member_of_frames":["training_frame","validation_frame"],"is_mutually_exclusive_with":["response_column","ignored_columns","offset_column","fold_column"],"gridable":true},{"__meta":{"schema_version":3,"schema_name":"ModelParameterSchemaV3","schema_type":"Iced"},"name":"balance_classes","label":"balance_classes","help":"Balance training data class counts via over/under-sampling (for imbalanced data).","required":false,"type":"boolean","default_value":false,"actual_value":false,"level":"secondary","values":[],"is_member_of_frames":[],"is_mutually_exclusive_with":[],"gridable":true},{"__meta":{"schema_version":3,"schema_name":"ModelParameterSchemaV3","schema_type":"Iced"},"name":"class_sampling_factors","label":"class_sampling_factors","help":"Desired over/under-sampling ratios per class (in lexicographic order). If not specified, sampling factors will be automatically computed to obtain class balance during training. Requires balance_classes.","required":false,"type":"float[]","default_value":null,"actual_value":null,"level":"expert","values":[],"is_member_of_frames":[],"is_mutually_exclusive_with":[],"gridable":true},{"__meta":{"schema_version":3,"schema_name":"ModelParameterSchemaV3","schema_type":"Iced"},"name":"max_after_balance_size","label":"max_after_balance_size","help":"Maximum relative size of the training data after balancing class counts (can be less than 1.0). Requires balance_classes.","required":false,"type":"float","default_value":5.0,"actual_value":5.0,"level":"expert","values":[],"is_member_of_frames":[],"is_mutually_exclusive_with":[],"gridable":true},{"__meta":{"schema_version":3,"schema_name":"ModelParameterSchemaV3","schema_type":"Iced"},"name":"max_confusion_matrix_size","label":"max_confusion_matrix_size","help":"[Deprecated] Maximum size (# classes) for confusion matrices to be printed in the Logs","required":false,"type":"int","default_value":20,"actual_value":20,"level":"secondary","values":[],"is_member_of_frames":[],"is_mutually_exclusive_with":[],"gridable":false},{"__meta":{"schema_version":3,"schema_name":"ModelParameterSchemaV3","schema_type":"Iced"},"name":"max_hit_ratio_k","label":"max_hit_ratio_k","help":"Max. number (top K) of predictions to use for hit ratio computation (for multi-class only, 0 to disable)","required":false,"type":"int","default_value":0,"actual_value":0,"level":"secondary","values":[],"is_member_of_frames":[],"is_mutually_exclusive_with":[],"gridable":false},{"__meta":{"schema_version":3,"schema_name":"ModelParameterSchemaV3","schema_type":"Iced"},"name":"ntrees","label":"ntrees","help":"Number of trees.","required":false,"type":"int","default_value":50,"actual_value":150,"level":"critical","values":[],"is_member_of_frames":[],"is_mutually_exclusive_with":[],"gridable":true},{"__meta":{"schema_version":3,"schema_name":"ModelParameterSchemaV3","schema_type":"Iced"},"name":"max_depth","label":"max_depth","help":"Maximum tree depth.","required":false,"type":"int","default_value":20,"actual_value":20,"level":"critical","values":[],"is_member_of_frames":[],"is_mutually_exclusive_with":[],"gridable":true},{"__meta":{"schema_version":3,"schema_name":"ModelParameterSchemaV3","schema_type":"Iced"},"name":"min_rows","label":"min_rows","help":"Fewest allowed (weighted) observations in a leaf.","required":false,"type":"double","default_value":1.0,"actual_value":1.0,"level":"critical","values":[],"is_member_of_frames":[],"is_mutually_exclusive_with":[],"gridable":true},{"__meta":{"schema_version":3,"schema_name":"ModelParameterSchemaV3","schema_type":"Iced"},"name":"nbins","label":"nbins","help":"For numerical columns (real/int), build a histogram of (at least) this many bins, then split at the best point","required":false,"type":"int","default_value":20,"actual_value":20,"level":"critical","values":[],"is_member_of_frames":[],"is_mutually_exclusive_with":[],"gridable":true},{"__meta":{"schema_version":3,"schema_name":"ModelParameterSchemaV3","schema_type":"Iced"},"name":"nbins_top_level","label":"nbins_top_level","help":"For numerical columns (real/int), build a histogram of (at most) this many bins at the root level, then decrease by factor of two per level","required":false,"type":"int","default_value":1024,"actual_value":1024,"level":"secondary","values":[],"is_member_of_frames":[],"is_mutually_exclusive_with":[],"gridable":true},{"__meta":{"schema_version":3,"schema_name":"ModelParameterSchemaV3","schema_type":"Iced"},"name":"nbins_cats","label":"nbins_cats","help":"For categorical columns (factors), build a histogram of this many bins, then split at the best point. Higher values can lead to more overfitting.","required":false,"type":"int","default_value":1024,"actual_value":1024,"level":"secondary","values":[],"is_member_of_frames":[],"is_mutually_exclusive_with":[],"gridable":true},{"__meta":{"schema_version":3,"schema_name":"ModelParameterSchemaV3","schema_type":"Iced"},"name":"r2_stopping","label":"r2_stopping","help":"r2_stopping is no longer supported and will be ignored if set - please use stopping_rounds, stopping_metric and stopping_tolerance instead. Previous version of H2O would stop making trees when the R^2 metric equals or exceeds this","required":false,"type":"double","default_value":1.7976931348623157E308,"actual_value":1.7976931348623157E308,"level":"secondary","values":[],"is_member_of_frames":[],"is_mutually_exclusive_with":[],"gridable":true},{"__meta":{"schema_version":3,"schema_name":"ModelParameterSchemaV3","schema_type":"Iced"},"name":"stopping_rounds","label":"stopping_rounds","help":"Early stopping based on convergence of stopping_metric. Stop if simple moving average of length k of the stopping_metric does not improve for k:=stopping_rounds scoring events (0 to disable)","required":false,"type":"int","default_value":0,"actual_value":50,"level":"secondary","values":[],"is_member_of_frames":[],"is_mutually_exclusive_with":[],"gridable":true},{"__meta":{"schema_version":3,"schema_name":"ModelParameterSchemaV3","schema_type":"Iced"},"name":"stopping_metric","label":"stopping_metric","help":"Metric to use for early stopping (AUTO: logloss for classification, deviance for regression)","required":false,"type":"enum","default_value":"AUTO","actual_value":"AUTO","level":"secondary","values":["AUTO","deviance","logloss","MSE","RMSE","MAE","RMSLE","AUC","lift_top_group","misclassification","mean_per_class_error"],"is_member_of_frames":[],"is_mutually_exclusive_with":[],"gridable":true},{"__meta":{"schema_version":3,"schema_name":"ModelParameterSchemaV3","schema_type":"Iced"},"name":"stopping_tolerance","label":"stopping_tolerance","help":"Relative tolerance for metric-based stopping criterion (stop if relative improvement is not at least this much)","required":false,"type":"double","default_value":0.001,"actual_value":0.001,"level":"secondary","values":[],"is_member_of_frames":[],"is_mutually_exclusive_with":[],"gridable":true},{"__meta":{"schema_version":3,"schema_name":"ModelParameterSchemaV3","schema_type":"Iced"},"name":"max_runtime_secs","label":"max_runtime_secs","help":"Maximum allowed runtime in seconds for model training. Use 0 to disable.","required":false,"type":"double","default_value":0.0,"actual_value":0.0,"level":"secondary","values":[],"is_member_of_frames":[],"is_mutually_exclusive_with":[],"gridable":true},{"__meta":{"schema_version":3,"schema_name":"ModelParameterSchemaV3","schema_type":"Iced"},"name":"seed","label":"seed","help":"Seed for pseudo random number generator (if applicable)","required":false,"type":"long","default_value":-1,"actual_value":2016,"level":"critical","values":[],"is_member_of_frames":[],"is_mutually_exclusive_with":[],"gridable":true},{"__meta":{"schema_version":3,"schema_name":"ModelParameterSchemaV3","schema_type":"Iced"},"name":"build_tree_one_node","label":"build_tree_one_node","help":"Run on one node only; no network overhead but fewer cpus used.  Suitable for small datasets.","required":false,"type":"boolean","default_value":false,"actual_value":false,"level":"expert","values":[],"is_member_of_frames":[],"is_mutually_exclusive_with":[],"gridable":false},{"__meta":{"schema_version":3,"schema_name":"ModelParameterSchemaV3","schema_type":"Iced"},"name":"mtries","label":"mtries","help":"Number of variables randomly sampled as candidates at each split. If set to -1, defaults to sqrt{p} for classification and p/3 for regression (where p is the # of predictors","required":false,"type":"int","default_value":-1,"actual_value":-1,"level":"critical","values":[],"is_member_of_frames":[],"is_mutually_exclusive_with":[],"gridable":true},{"__meta":{"schema_version":3,"schema_name":"ModelParameterSchemaV3","schema_type":"Iced"},"name":"sample_rate","label":"sample_rate","help":"Row sample rate per tree (from 0.0 to 1.0)","required":false,"type":"double","default_value":0.6320000290870667,"actual_value":0.6320000290870667,"level":"critical","values":[],"is_member_of_frames":[],"is_mutually_exclusive_with":[],"gridable":true},{"__meta":{"schema_version":3,"schema_name":"ModelParameterSchemaV3","schema_type":"Iced"},"name":"sample_rate_per_class","label":"sample_rate_per_class","help":"A list of row sample rates per class (relative fraction for each class, from 0.0 to 1.0), for each tree","required":false,"type":"double[]","default_value":null,"actual_value":null,"level":"expert","values":[],"is_member_of_frames":[],"is_mutually_exclusive_with":[],"gridable":true},{"__meta":{"schema_version":3,"schema_name":"ModelParameterSchemaV3","schema_type":"Iced"},"name":"binomial_double_trees","label":"binomial_double_trees","help":"For binary classification: Build 2x as many trees (one per class) - can lead to higher accuracy.","required":false,"type":"boolean","default_value":false,"actual_value":false,"level":"expert","values":[],"is_member_of_frames":[],"is_mutually_exclusive_with":[],"gridable":false},{"__meta":{"schema_version":3,"schema_name":"ModelParameterSchemaV3","schema_type":"Iced"},"name":"checkpoint","label":"checkpoint","help":"Model checkpoint to resume training with.","required":false,"type":"Key<Model>","default_value":null,"actual_value":null,"level":"secondary","values":[],"is_member_of_frames":[],"is_mutually_exclusive_with":[],"gridable":false},{"__meta":{"schema_version":3,"schema_name":"ModelParameterSchemaV3","schema_type":"Iced"},"name":"col_sample_rate_change_per_level","label":"col_sample_rate_change_per_level","help":"Relative change of the column sampling rate for every level (from 0.0 to 2.0)","required":false,"type":"double","default_value":1.0,"actual_value":1.0,"level":"expert","values":[],"is_member_of_frames":[],"is_mutually_exclusive_with":[],"gridable":true},{"__meta":{"schema_version":3,"schema_name":"ModelParameterSchemaV3","schema_type":"Iced"},"name":"col_sample_rate_per_tree","label":"col_sample_rate_per_tree","help":"Column sample rate per tree (from 0.0 to 1.0)","required":false,"type":"double","default_value":1.0,"actual_value":1.0,"level":"secondary","values":[],"is_member_of_frames":[],"is_mutually_exclusive_with":[],"gridable":true},{"__meta":{"schema_version":3,"schema_name":"ModelParameterSchemaV3","schema_type":"Iced"},"name":"min_split_improvement","label":"min_split_improvement","help":"Minimum relative improvement in squared error reduction for a split to happen","required":false,"type":"double","default_value":1.0E-5,"actual_value":1.0E-5,"level":"secondary","values":[],"is_member_of_frames":[],"is_mutually_exclusive_with":[],"gridable":true},{"__meta":{"schema_version":3,"schema_name":"ModelParameterSchemaV3","schema_type":"Iced"},"name":"histogram_type","label":"histogram_type","help":"What type of histogram to use for finding optimal split points","required":false,"type":"enum","default_value":"AUTO","actual_value":"AUTO","level":"secondary","values":["AUTO","UniformAdaptive","Random","QuantilesGlobal","RoundRobin"],"is_member_of_frames":[],"is_mutually_exclusive_with":[],"gridable":true},{"__meta":{"schema_version":3,"schema_name":"ModelParameterSchemaV3","schema_type":"Iced"},"name":"categorical_encoding","label":"categorical_encoding","help":"Encoding scheme for categorical features","required":false,"type":"enum","default_value":"AUTO","actual_value":"AUTO","level":"secondary","values":["AUTO","Enum","OneHotInternal","OneHotExplicit","Binary","Eigen","LabelEncoder","SortByResponse","EnumLimited"],"is_member_of_frames":[],"is_mutually_exclusive_with":[],"gridable":true},{"__meta":{"schema_version":3,"schema_name":"ModelParameterSchemaV3","schema_type":"Iced"},"name":"calibrate_model","label":"calibrate_model","help":"Use Platt Scaling to calculate calibrated class probabilities. Calibration can provide more accurate estimates of class probabilities.","required":false,"type":"boolean","default_value":false,"actual_value":false,"level":"expert","values":[],"is_member_of_frames":[],"is_mutually_exclusive_with":[],"gridable":false},{"__meta":{"schema_version":3,"schema_name":"ModelParameterSchemaV3","schema_type":"Iced"},"name":"calibration_frame","label":"calibration_frame","help":"Calibration frame for Platt Scaling","required":false,"type":"Key<Frame>","default_value":null,"actual_value":null,"level":"expert","values":[],"is_member_of_frames":[],"is_mutually_exclusive_with":[],"gridable":false},{"__meta":{"schema_version":3,"schema_name":"ModelParameterSchemaV3","schema_type":"Iced"},"name":"custom_metric_func","label":"custom_metric_func","help":"Reference to custom evaluation function, format: `language:keyName=funcName`","required":false,"type":"string","default_value":null,"actual_value":null,"level":"secondary","values":[],"is_member_of_frames":[],"is_mutually_exclusive_with":[],"gridable":false}],"output":{"__meta":{"schema_version":3,"schema_name":"DRFModelOutputV3","schema_type":"DRFOutput"},"names":["CRIM","ZN","INDUS","CHAS","NOX","RM","AGE","DIS","RAD","TAX","PTRATIO","B","LSTAT","C1"],"domains":[null,null,null,null,null,null,null,null,null,null,null,null,null,null],"cross_validation_models":null,"cross_validation_predictions":null,"cross_validation_holdout_predictions_frame_id":null,"cross_validation_fold_assignment_frame_id":null,"model_category":"Regression","model_summary":{"__meta":{"schema_version":3,"schema_name":"TwoDimTableV3","schema_type":"TwoDimTable"},"name":"Model Summary","description":"","columns":[{"__meta":{"schema_version":-1,"schema_name":"ColumnSpecsBase","schema_type":"Iced"},"name":"","type":"string","format":"%s","description":""},{"__meta":{"schema_version":-1,"schema_name":"ColumnSpecsBase","schema_type":"Iced"},"name":"number_of_trees","type":"long","format":"%d","description":"Number of Trees"},{"__meta":{"schema_version":-1,"schema_name":"ColumnSpecsBase","schema_type":"Iced"},"name":"number_of_internal_trees","type":"long","format":"%d","description":"Number of Internal Trees"},{"__meta":{"schema_version":-1,"schema_name":"ColumnSpecsBase","schema_type":"Iced"},"name":"model_size_in_bytes","type":"long","format":"%d","description":"Model Size in Bytes"},{"__meta":{"schema_version":-1,"schema_name":"ColumnSpecsBase","schema_type":"Iced"},"name":"min_depth","type":"long","format":"%d","description":"Min. Depth"},{"__meta":{"schema_version":-1,"schema_name":"ColumnSpecsBase","schema_type":"Iced"},"name":"max_depth","type":"long","format":"%d","description":"Max. Depth"},{"__meta":{"schema_version":-1,"schema_name":"ColumnSpecsBase","schema_type":"Iced"},"name":"mean_depth","type":"double","format":"%.5f","description":"Mean Depth"},{"__meta":{"schema_version":-1,"schema_name":"ColumnSpecsBase","schema_type":"Iced"},"name":"min_leaves","type":"long","format":"%d","description":"Min. Leaves"},{"__meta":{"schema_version":-1,"schema_name":"ColumnSpecsBase","schema_type":"Iced"},"name":"max_leaves","type":"long","format":"%d","description":"Max. Leaves"},{"__meta":{"schema_version":-1,"schema_name":"ColumnSpecsBase","schema_type":"Iced"},"name":"mean_leaves","type":"double","format":"%.5f","description":"Mean Leaves"}],"rowcount":1,"data":[[""],[150],[150],[395143],[14],[20],[17.013334],[183],[226],[204.83333]]},"scoring_history":{"__meta":{"schema_version":3,"schema_name":"TwoDimTableV3","schema_type":"TwoDimTable"},"name":"Scoring History","description":"","columns":[{"__meta":{"schema_version":-1,"schema_name":"ColumnSpecsBase","schema_type":"Iced"},"name":"","type":"string","format":"%s","description":""},{"__meta":{"schema_version":-1,"schema_name":"ColumnSpecsBase","schema_type":"Iced"},"name":"timestamp","type":"string","format":"%s","description":"Timestamp"},{"__meta":{"schema_version":-1,"schema_name":"ColumnSpecsBase","schema_type":"Iced"},"name":"duration","type":"string","format":"%s","description":"Duration"},{"__meta":{"schema_version":-1,"schema_name":"ColumnSpecsBase","schema_type":"Iced"},"name":"number_of_trees","type":"long","format":"%d","description":"Number of Trees"},{"__meta":{"schema_version":-1,"schema_name":"ColumnSpecsBase","schema_type":"Iced"},"name":"training_rmse","type":"double","format":"%.5f","description":"Training RMSE"},{"__meta":{"schema_version":-1,"schema_name":"ColumnSpecsBase","schema_type":"Iced"},"name":"training_mae","type":"double","format":"%.5f","description":"Training MAE"},{"__meta":{"schema_version":-1,"schema_name":"ColumnSpecsBase","schema_type":"Iced"},"name":"training_deviance","type":"double","format":"%.5f","description":"Training Deviance"}],"rowcount":151,"data":[["","","","","","","","","","","","","","","","","","","","","","","","","","","","","","","","","","","","","","","","","","","","","","","","","","","","","","","","","","","","","","","","","","","","","","","","","","","","","","","","","","","","","","","","","","","","","","","","","","","","","","","","","","","","","","","","","","","","","","","","","","","","","","","","","","","","","","","","","","","","","","","","","","","","","","",""],["2018-04-11 17:59:45","2018-04-11 17:59:45","2018-04-11 17:59:45","2018-04-11 17:59:45","2018-04-11 17:59:45","2018-04-11 17:59:45","2018-04-11 17:59:45","2018-04-11 17:59:45","2018-04-11 17:59:45","2018-04-11 17:59:45","2018-04-11 17:59:45","2018-04-11 17:59:45","2018-04-11 17:59:45","2018-04-11 17:59:45","2018-04-11 17:59:45","2018-04-11 17:59:45","2018-04-11 17:59:45","2018-04-11 17:59:45","2018-04-11 17:59:45","2018-04-11 17:59:45","2018-04-11 17:59:45","2018-04-11 17:59:45","2018-04-11 17:59:45","2018-04-11 17:59:45","2018-04-11 17:59:45","2018-04-11 17:59:45","2018-04-11 17:59:45","2018-04-11 17:59:45","2018-04-11 17:59:45","2018-04-11 17:59:45","2018-04-11 17:59:45","2018-04-11 17:59:46","2018-04-11 17:59:46","2018-04-11 17:59:46","2018-04-11 17:59:46","2018-04-11 17:59:46","2018-04-11 17:59:46","2018-04-11 17:59:46","2018-04-11 17:59:46","2018-04-11 17:59:46","2018-04-11 17:59:46","2018-04-11 17:59:46","2018-04-11 17:59:46","2018-04-11 17:59:46","2018-04-11 17:59:46","2018-04-11 17:59:46","2018-04-11 17:59:46","2018-04-11 17:59:46","2018-04-11 17:59:46","2018-04-11 17:59:46","2018-04-11 17:59:46","2018-04-11 17:59:46","2018-04-11 17:59:46","2018-04-11 17:59:46","2018-04-11 17:59:46","2018-04-11 17:59:46","2018-04-11 17:59:46","2018-04-11 17:59:46","2018-04-11 17:59:46","2018-04-11 17:59:46","2018-04-11 17:59:46","2018-04-11 17:59:46","2018-04-11 17:59:46","2018-04-11 17:59:46","2018-04-11 17:59:46","2018-04-11 17:59:46","2018-04-11 17:59:46","2018-04-11 17:59:46","2018-04-11 17:59:46","2018-04-11 17:59:46","2018-04-11 17:59:46","2018-04-11 17:59:46","2018-04-11 17:59:46","2018-04-11 17:59:46","2018-04-11 17:59:46","2018-04-11 17:59:46","2018-04-11 17:59:46","2018-04-11 17:59:46","2018-04-11 17:59:46","2018-04-11 17:59:46","2018-04-11 17:59:46","2018-04-11 17:59:46","2018-04-11 17:59:46","2018-04-11 17:59:46","2018-04-11 17:59:46","2018-04-11 17:59:46","2018-04-11 17:59:46","2018-04-11 17:59:46","2018-04-11 17:59:46","2018-04-11 17:59:46","2018-04-11 17:59:46","2018-04-11 17:59:46","2018-04-11 17:59:46","2018-04-11 17:59:46","2018-04-11 17:59:46","2018-04-11 17:59:46","2018-04-11 17:59:46","2018-04-11 17:59:46","2018-04-11 17:59:46","2018-04-11 17:59:46","2018-04-11 17:59:46","2018-04-11 17:59:46","2018-04-11 17:59:46","2018-04-11 17:59:46","2018-04-11 17:59:46","2018-04-11 17:59:46","2018-04-11 17:59:46","2018-04-11 17:59:46","2018-04-11 17:59:46","2018-04-11 17:59:46","2018-04-11 17:59:46","2018-04-11 17:59:46","2018-04-11 17:59:46","2018-04-11 17:59:46","2018-04-11 17:59:46","2018-04-11 17:59:46","2018-04-11 17:59:46","2018-04-11 17:59:46","2018-04-11 17:59:46","2018-04-11 17:59:46","2018-04-11 17:59:46","2018-04-11 17:59:46","2018-04-11 17:59:46","2018-04-11 17:59:46","2018-04-11 17:59:46","2018-04-11 17:59:46","2018-04-11 17:59:46","2018-04-11 17:59:46","2018-04-11 17:59:46","2018-04-11 17:59:46","2018-04-11 17:59:46","2018-04-11 17:59:46","2018-04-11 17:59:46","2018-04-11 17:59:46","2018-04-11 17:59:46","2018-04-11 17:59:46","2018-04-11 17:59:46","2018-04-11 17:59:46","2018-04-11 17:59:46","2018-04-11 17:59:46","2018-04-11 17:59:46","2018-04-11 17:59:46","2018-04-11 17:59:46","2018-04-11 17:59:46","2018-04-11 17:59:46","2018-04-11 17:59:46","2018-04-11 17:59:46","2018-04-11 17:59:46","2018-04-11 17:59:46","2018-04-11 17:59:46","2018-04-11 17:59:46"],[" 0.030 sec"," 0.383 sec"," 0.413 sec"," 0.443 sec"," 0.473 sec"," 0.493 sec"," 0.573 sec"," 0.593 sec"," 0.613 sec"," 0.623 sec"," 0.643 sec"," 0.673 sec"," 0.693 sec"," 0.703 sec"," 0.713 sec"," 0.723 sec"," 0.733 sec"," 0.743 sec"," 0.753 sec"," 0.763 sec"," 0.773 sec"," 0.783 sec"," 0.803 sec"," 0.813 sec"," 0.823 sec"," 0.833 sec"," 0.843 sec"," 0.853 sec"," 0.863 sec"," 0.873 sec"," 0.883 sec"," 0.903 sec"," 0.903 sec"," 0.913 sec"," 0.923 sec"," 0.933 sec"," 0.943 sec"," 0.953 sec"," 0.963 sec"," 0.983 sec"," 0.993 sec"," 1.013 sec"," 1.023 sec"," 1.033 sec"," 1.045 sec"," 1.045 sec"," 1.055 sec"," 1.075 sec"," 1.075 sec"," 1.085 sec"," 1.095 sec"," 1.105 sec"," 1.115 sec"," 1.125 sec"," 1.135 sec"," 1.145 sec"," 1.155 sec"," 1.165 sec"," 1.165 sec"," 1.185 sec"," 1.188 sec"," 1.198 sec"," 1.208 sec"," 1.218 sec"," 1.228 sec"," 1.238 sec"," 1.248 sec"," 1.258 sec"," 1.268 sec"," 1.278 sec"," 1.288 sec"," 1.305 sec"," 1.315 sec"," 1.325 sec"," 1.325 sec"," 1.335 sec"," 1.345 sec"," 1.348 sec"," 1.358 sec"," 1.358 sec"," 1.368 sec"," 1.378 sec"," 1.378 sec"," 1.388 sec"," 1.398 sec"," 1.398 sec"," 1.410 sec"," 1.410 sec"," 1.420 sec"," 1.430 sec"," 1.430 sec"," 1.440 sec"," 1.450 sec"," 1.450 sec"," 1.463 sec"," 1.473 sec"," 1.473 sec"," 1.483 sec"," 1.493 sec"," 1.493 sec"," 1.503 sec"," 1.513 sec"," 1.515 sec"," 1.525 sec"," 1.545 sec"," 1.545 sec"," 1.558 sec"," 1.568 sec"," 1.578 sec"," 1.600 sec"," 1.610 sec"," 1.610 sec"," 1.620 sec"," 1.630 sec"," 1.630 sec"," 1.643 sec"," 1.653 sec"," 1.653 sec"," 1.663 sec"," 1.673 sec"," 1.673 sec"," 1.685 sec"," 1.685 sec"," 1.695 sec"," 1.705 sec"," 1.705 sec"," 1.715 sec"," 1.725 sec"," 1.728 sec"," 1.738 sec"," 1.748 sec"," 1.748 sec"," 1.760 sec"," 1.760 sec"," 1.770 sec"," 1.780 sec"," 1.780 sec"," 1.790 sec"," 1.803 sec"," 1.808 sec"," 1.818 sec"," 1.825 sec"," 1.828 sec"," 1.838 sec"," 1.838 sec"," 1.848 sec"," 1.858 sec"," 1.868 sec"," 1.868 sec"," 1.890 sec"," 1.900 sec"],[0,1,2,3,4,5,6,7,8,9,10,11,12,13,14,15,16,17,18,19,20,21,22,23,24,25,26,27,28,29,30,31,32,33,34,35,36,37,38,39,40,41,42,43,44,45,46,47,48,49,50,51,52,53,54,55,56,57,58,59,60,61,62,63,64,65,66,67,68,69,70,71,72,73,74,75,76,77,78,79,80,81,82,83,84,85,86,87,88,89,90,91,92,93,94,95,96,97,98,99,100,101,102,103,104,105,106,107,108,109,110,111,112,113,114,115,116,117,118,119,120,121,122,123,124,125,126,127,128,129,130,131,132,133,134,135,136,137,138,139,140,141,142,143,144,145,146,147,148,149,150],["NaN",4593.914914023565,4230.550445044099,4735.643371365037,4528.237238730623,4428.247792775276,4432.5613953912825,4925.868221131515,4821.694526606441,4650.109608389583,4543.775191547522,4463.558986482578,4169.8881049083875,4015.5536366358397,3977.833244155119,3968.3417984963558,4046.3541926920457,4021.6422080284933,4029.6821807148267,3986.3522868019404,3981.5026002390914,3969.4794229248314,3912.170055807843,3877.047006686827,3809.197629034491,3779.939985916638,3747.65960630156,3757.5947144128068,3738.9823320670916,3760.6557843260243,3703.873679684867,3694.4711810679655,3663.770765983891,3656.4181564926303,3658.570591364836,3628.4536597246256,3652.9754187805597,3653.0984085098034,3633.6015852797655,3616.37029327024,3589.103751219384,3550.0194254077333,3545.2776213959805,3534.1791418817643,3495.245808437897,3453.246320785166,3437.909096328296,3431.076972597581,3453.7953474830447,3420.504079874561,3424.3939153706633,3423.7362312396363,3403.2968829820766,3458.9351483740097,3447.665259024289,3470.4112797418475,3468.442422636827,3439.1328110458376,3452.2152771613064,3450.50108533136,3440.9230873815814,3441.2338549912265,3468.5795253856422,3474.221979393081,3470.9972472449435,3465.6727225139966,3457.7676091945305,3424.048469743867,3419.41226271705,3438.452834142041,3402.316847421701,3401.57500276135,3390.882370918272,3383.191294277131,3371.4745286912807,3372.5665012207337,3372.7622861857976,3391.147346836476,3397.4108483283926,3387.6174890953835,3377.467915178021,3375.5444821335136,3368.3747230913687,3370.821910657053,3371.6854130731867,3375.922405448859,3366.9568521604238,3371.149767359374,3372.8980702926547,3373.7280797123367,3376.3748147548445,3379.2922691741196,3376.4030370548694,3392.770284549126,3383.289123416463,3380.9437085436284,3379.0387991536645,3377.4822813508536,3382.285313211132,3380.211815240514,3378.6325385579935,3364.678876368905,3381.564513996327,3382.3328853221888,3393.765889594461,3390.7655998326054,3401.2580939711142,3394.71884050469,3397.8452761337458,3397.785375725782,3401.985138489318,3403.3932942831093,3412.4947909585994,3400.2309513146784,3402.3699808476317,3398.199436730816,3400.9291639710405,3417.326241085804,3421.345138892202,3425.5133752927027,3428.013700602936,3418.886755793168,3420.5054296015323,3424.8790412326734,3423.103904255271,3427.8398086148727,3430.3845971791875,3420.3066462283587,3424.2069959414916,3434.16616449557,3437.070199680671,3440.7872887922917,3446.0090832002547,3434.816723317668,3428.3629721275015,3428.5107838586127,3427.527334721094,3428.074371637338,3428.3390857312197,3437.486855855488,3444.505150542676,3449.7550613705803,3452.832919955385,3463.2111909632417,3462.2989263275695,3460.0505477373795,3454.6647082480263,3455.8424717946195,3461.738871716152,3465.5965754520626,3464.0950420177055],["NaN",3276.9491525423728,3099.3717277486912,3196.711832020663,3111.050467191167,3039.4518250795954,2974.33938676883,3104.6988573306076,3059.39788641853,3035.276347776348,2899.4971570717835,2855.806697753285,2775.82026282323,2691.655597688816,2633.781771708859,2603.623079162757,2642.6990500841707,2650.6946227337544,2651.011676329864,2656.23469706324,2650.5772593664155,2647.034434723698,2601.1762832776253,2568.7960543246495,2547.2539520458527,2527.708198763636,2525.621553640485,2530.3623265564283,2518.7051415287856,2530.600556087271,2521.781758891279,2528.370951949387,2510.954731794109,2507.4400806293133,2510.38728036214,2496.5817424854054,2494.7773458043584,2490.32537350926,2471.0392945045387,2468.1475726019644,2459.574902612669,2438.349289070594,2430.0911764506295,2423.441282860261,2429.8157429274397,2408.858044203902,2402.479304910654,2402.4037482630574,2400.8175453117774,2385.1451309139043,2374.9021718323447,2375.799436058934,2359.63627026603,2384.0229599390827,2373.677944098524,2383.720356672327,2384.7770243940186,2370.123173518969,2365.1375594237634,2363.3332665711114,2363.830615985484,2365.939929611891,2378.6030049850433,2377.5836006828176,2379.7898719556338,2376.202051505662,2366.996685201777,2355.465283935643,2350.2018591053843,2356.7164319839303,2347.093128266667,2341.6674064952713,2332.6172389798908,2328.190454052203,2326.1324658787025,2326.534360454581,2326.0139086743175,2330.809220053984,2334.3215116312917,2324.941514443733,2319.120405207575,2314.456833147065,2314.737445283446,2317.582516866443,2321.014994722464,2320.5776402738493,2317.4067347491514,2316.082062551102,2317.9100550651265,2312.0014525030815,2313.9444940461453,2308.9240443826834,2309.6566424731095,2316.3925439458044,2313.4342178328975,2307.9991673394925,2304.7909415444306,2304.2362615861884,2304.2145082153347,2302.183652658466,2302.840250282111,2304.3801557434895,2303.1743331674706,2306.0157638201435,2307.212683346635,2310.7100692836425,2314.1496102472734,2310.35513596577,2315.277355070731,2312.5593183418064,2315.8718681730334,2313.1015528443363,2318.6865369141665,2314.266753422337,2314.1045088815094,2311.575935265021,2313.711385566473,2320.4021603240053,2323.6995422062346,2324.887442932779,2326.2873300928454,2320.103881278271,2320.6771818601146,2320.3209541492283,2315.945059029339,2314.8864069314104,2317.605195620467,2310.8396315273812,2312.4064316728936,2317.706018954824,2316.8987394519145,2317.8393134080757,2319.2987368943486,2311.8625367872796,2307.2612297104997,2305.8775847927996,2304.2086049052664,2306.8124483425713,2309.7913978219462,2318.0681871238007,2321.364724606404,2324.218569017383,2321.4437974873026,2329.0873770117046,2332.323350498511,2330.918814549609,2328.223589865203,2329.872200438893,2334.3142808381917,2332.5031093081207,2329.510378815676],["NaN",2.1104054237288136E7,1.7897557068062827E7,2.2426318140753612E7,2.050493249022674E7,1.9609378514219105E7,1.964760052391311E7,2.4264177731953364E7,2.3248738107906517E7,2.162351937003712E7,2.064589299132272E7,1.9923358825809374E7,1.738796680745646E7,1.6124671008699318E7,1.5823157318305636E7,1.574773662969329E7,1.6372982252716498E7,1.6173606049396295E7,1.62383384775706E7,1.5891004554491058E7,1.5852362955710648E7,1.5756766889023652E7,1.530507454555954E7,1.5031493492059285E7,1.450998657704199E7,1.4287946297131473E7,1.4044952524704365E7,1.4119518037783062E7,1.3979988879509866E7,1.4142531928184785E7,1.3718680235062318E7,1.3649117307741728E7,1.3423216225678189E7,1.3369393735128965E7,1.3385138771999646E7,1.316567596076903E7,1.3344229410215007E7,1.3345127982256858E7,1.3203060480547624E7,1.3078134098047482E7,1.2881665737017054E7,1.2602637920772253E7,1.2568993412771143E7,1.2490422206912125E7,1.2216743261402687E7,1.1924910152016286E7,1.1819218954616843E7,1.1772289191889381E7,1.1928702302295526E7,1.1699848160438515E7,1.1726473687627621E7,1.1721969781102987E7,1.1582429673715519E7,1.1964232360657131E7,1.1886395738283018E7,1.2043754450559447E7,1.203009283914682E7,1.1827634492012044E7,1.1917790319865916E7,1.1905957739872893E7,1.1839951693275593E7,1.1842090444737777E7,1.2031043923924487E7,1.2070218362097977E7,1.2047821890381977E7,1.2010887419577578E7,1.1956156839194858E7,1.1724107923155317E7,1.1692380222419735E7,1.1822957892619435E7,1.1575759930249542E7,1.1570712499410879E7,1.1498083253404323E7,1.144598333367257E7,1.1366840497614095E7,1.1374204805156263E7,1.137552543911725E7,1.1499880327956071E7,1.154240047233945E7,1.147595225242491E7,1.1407289518056968E7,1.139430055086201E7,1.1345948275160855E7,1.1362440353365665E7,1.1368262524730507E7,1.139685208761161E7,1.1336398444310028E7,1.1364650753967162E7,1.1376441392583912E7,1.1382041155839492E7,1.139990688971081E7,1.141961624049997E7,1.1400097468633344E7,1.1510890203719554E7,1.144664529262814E7,1.1430780360340744E7,1.1417903206185838E7,1.1407386560838968E7,1.1439853939963724E7,1.1425831915891571E7,1.141515783060283E7,1.1321063941083118E7,1.1434978562319217E7,1.1440175747131923E7,1.1517646913374884E7,1.1497291353008168E7,1.1568556621804016E7,1.1524116006077508E7,1.1545352520544412E7,1.1544945459495995E7,1.1573502882502185E7,1.1583085915571235E7,1.1645120698319577E7,1.1561570522278324E7,1.1576121486573115E7,1.1547759411797635E7,1.156631917834876E7,1.1678118638013631E7,1.17056025594213E7,1.1734141884309204E7,1.1751277931521436E7,1.1688786648937935E7,1.1699857393933564E7,1.1729796447074836E7,1.171764033932768E7,1.1750085753524847E7,1.1767538484564217E7,1.1698497554233883E7,1.1725193551054655E7,1.1793497245366214E7,1.1813451557532927E7,1.183901716671461E7,1.187497860149866E7,1.1797965922782723E7,1.1753672668654915E7,1.17546861950348E7,1.1747943630260289E7,1.175169389747673E7,1.1753508886752374E7,1.181631588417925E7,1.1864615732115021E7,1.1900809983451936E7,1.192205517312763E7,1.1993831753213035E7,1.198751385524904E7,1.1971949792897739E7,1.193470824641442E7,1.1942847189859547E7,1.1983636015950616E7,1.2010359623785064E7,1.1999954460131649E7]]},"training_metrics":{"__meta":{"schema_version":3,"schema_name":"ModelMetricsRegressionV3","schema_type":"ModelMetricsRegression"},"model":{"__meta":{"schema_version":3,"schema_name":"ModelKeyV3","schema_type":"Key<Model>"},"name":"rdf","type":"Key<Model>","URL":"/3/Models/rdf"},"model_checksum":-1688137327732359138,"frame":{"__meta":{"schema_version":3,"schema_name":"FrameKeyV3","schema_type":"Key<Frame>"},"name":"py_115_sid_a16a","type":"Key<Frame>","URL":"/3/Frames/py_115_sid_a16a"},"frame_checksum":-4020147979990803260,"description":"Metrics reported on Out-Of-Bag training samples","model_category":"Regression","scoring_time":1523462386997,"predictions":null,"MSE":1.1999954460131649E7,"RMSE":3464.0950420177055,"nobs":339,"custom_metric_name":null,"custom_metric_value":0.0,"r2":0.863860225230299,"mean_residual_deviance":1.1999954460131649E7,"mae":2329.510378815676,"rmsle":0.15274830985853127},"validation_metrics":null,"cross_validation_metrics":null,"cross_validation_metrics_summary":null,"status":null,"start_time":1523462385127,"end_time":1523462386997,"run_time":1870,"help":{"validation_metrics":"Validation data model metrics", "cross_validation_metrics_summary":"Cross-validation model metrics summary", "run_time":"Runtime in milliseconds", "status":"Job status", "domains":"Domains for categorical columns", "model_category":"Category of the model (e.g., Binomial)", "__meta":"Metadata on this schema instance, to make it self-describing.", "variable_importances":"Variable Importances", "model_summary":"Model summary", "scoring_history":"Scoring history", "help":"Help information for output fields", "end_time":"End time in milliseconds", "names":"Column names", "cross_validation_fold_assignment_frame_id":"Cross-validation fold assignment (each row is assigned to one holdout fold)", "start_time":"Start time in milliseconds", "training_metrics":"Training data model metrics", "cross_validation_models":"Cross-validation models (model ids)", "cross_validation_metrics":"Cross-validation model metrics", "cross_validation_predictions":"Cross-validation predictions, one per cv model (deprecated, use cross_validation_holdout_predictions_frame_id instead)", "init_f":"The Intercept term, the initial model function value to which trees make adjustments", "cross_validation_holdout_predictions_frame_id":"Cross-validation holdout predictions (full out-of-sample predictions on training data)"},"variable_importances":{"__meta":{"schema_version":3,"schema_name":"TwoDimTableV3","schema_type":"TwoDimTable"},"name":"Variable Importances","description":"","columns":[{"__meta":{"schema_version":-1,"schema_name":"ColumnSpecsBase","schema_type":"Iced"},"name":"variable","type":"string","format":"%s","description":"Variable"},{"__meta":{"schema_version":-1,"schema_name":"ColumnSpecsBase","schema_type":"Iced"},"name":"relative_importance","type":"double","format":"%5f","description":"Relative Importance"},{"__meta":{"schema_version":-1,"schema_name":"ColumnSpecsBase","schema_type":"Iced"},"name":"scaled_importance","type":"double","format":"%5f","description":"Scaled Importance"},{"__meta":{"schema_version":-1,"schema_name":"ColumnSpecsBase","schema_type":"Iced"},"name":"percentage","type":"double","format":"%5f","description":"Percentage"}],"rowcount":13,"data":[["LSTAT","RM","PTRATIO","NOX","INDUS","DIS","CRIM","TAX","AGE","B","RAD","CHAS","ZN"],[1.12238854144E12,1.041647009792E12,2.60989026304E11,2.37873004544E11,1.8513895424E11,1.44357572608E11,1.2992917504E11,8.1160216576E10,6.7226599424E10,5.6763088896E10,3.7397204992E10,3.302368256E10,1.3792761856E10],[1.0,0.9280627619875641,0.23253001671698892,0.21193463382904296,0.16495085917615548,0.12861639911504477,0.11576131637383227,0.07231026830679615,0.05989601367254671,0.05057347504917878,0.03331930397651797,0.029422683269406277,0.012288758613219793],[0.3289834602781079,0.3053172987939269,0.07649852951808128,0.06972298918985229,0.05426610442761852,0.0423126680293776,0.03808355842701213,0.023788882281208196,0.01970479783485928,0.016637836819967385,0.010961499916253004,0.00967957615263607,0.00404279833109945]]},"init_f":0.0},"compatible_frames":null}
